{
  "A": 629486.1,
  "B": 850786,
  "C": 1.063927E8,
  "D": 321586.1,
  "E": 380061.7,
  "F": 2.394917E7
}